Protocollo;Gruppo;DataOraIncidente;Localizzazione1;STRADA1;Localizzazione2;STRADA2;Strada02;Chilometrica;DaSpecificare;NaturaIncidente;particolaritastrade;TipoStrada;FondoStradale;Pavimentazione;Segnaletica;CondizioneAtmosferica;Traffico;Visibilita;Illuminazione;NUM_FERITI;NUM_RISERVATA;NUM_MORTI;NUM_ILLESI;Longitudine;Latitudine;Confermato;Progressivo;TipoVeicolo;StatoVeicolo;TipoPersona;Sesso;Tipolesione;Deceduto;DecedutoDopo;CinturaCascoUtilizzato;Airbag;
1893851;8;16/11/2011 11:10;Strada Urbana;VIALE OXFORD;da specificare;;;;prossimità viale della sorbona;Scontro laterale fra veicoli in marcia;Curva a visuale libera;Una carreggiata a senso unico di marcia;Asciutto;Asfaltata;Verticale ed orizzontale;Sereno;Normale;Buona;Ore Diurne;0;0;0;2;;;-1;1;Autocarro inferiore 35 q.;In marcia / fermata / arresto;Conducente;M;Illeso;0;;Non accertato;Inesploso;
1893851;8;16/11/2011 11:10;Strada Urbana;VIALE OXFORD;da specificare;;;;prossimità viale della sorbona;Scontro laterale fra veicoli in marcia;Curva a visuale libera;Una carreggiata a senso unico di marcia;Asciutto;Asfaltata;Verticale ed orizzontale;Sereno;Normale;Buona;Ore Diurne;0;0;0;2;;;-1;2;Autovettura privata;In marcia / fermata / arresto;Conducente;F;Illeso;0;;Non accertato;Inesistente;
1893852;3;16/11/2011 10:07;Strada Urbana;VIALE DELLO SCALO S. LORENZO;in corrispondenza;;del civico n. ;5;;Investimento di pedone;Rettilineo;Più di due carreggiate;Asciutto;Asfaltata;Verticale ed orizzontale;Sereno;Normale;Buona;Ore Diurne;1;0;0;1;;;-1;;;;Pedone;F;Rimandato;0;NON DECEDUTO;;;
1893852;3;16/11/2011 10:07;Strada Urbana;VIALE DELLO SCALO S. LORENZO;in corrispondenza;;del civico n. ;5;;Investimento di pedone;Rettilineo;Più di due carreggiate;Asciutto;Asfaltata;Verticale ed orizzontale;Sereno;Normale;Buona;Ore Diurne;1;0;0;1;;;-1;1;Autobus di linea;In marcia / fermata / arresto;Conducente;M;Illeso;0;;Utilizzato;Inesistente;
1893854;3;16/11/2011 17:30;Strada Urbana;PIAZZALE DI PORTA PIA;da specificare;;;;fronte civico 124;Infortunio per sola frenata improvvisa;Rotatoria;Una carreggiata a senso unico di marcia;Asciutto;Asfaltata;Verticale ed orizzontale;Sereno;Normale;Sufficiente;Sufficiente;0;0;0;2;;;-1;1;Motociclo a solo;In marcia / fermata / arresto;Conducente;M;Illeso;0;;Non accertato;Inesistente;
1893854;3;16/11/2011 17:30;Strada Urbana;PIAZZALE DI PORTA PIA;da specificare;;;;fronte civico 124;Infortunio per sola frenata improvvisa;Rotatoria;Una carreggiata a senso unico di marcia;Asciutto;Asfaltata;Verticale ed orizzontale;Sereno;Normale;Sufficiente;Sufficiente;0;0;0;2;;;-1;2;Autobus urbano;In marcia / fermata / arresto;Conducente;M;Illeso;0;;Non accertato;Inesistente;
1893855;1;16/11/2011 17:05;Strada Urbana;VIA GENOVA;in prossimità;;del civico n. ;5;;Investimento di pedone;Rettilineo;Una carreggiata a senso unico di marcia;Asciutto;Acciotolata;Orizzontale;Sereno;Normale;Buona;Sufficiente;1;0;0;1;;;-1;;;;Pedone;M;Rimandato;0;NON DECEDUTO;;;
1893855;1;16/11/2011 17:05;Strada Urbana;VIA GENOVA;in prossimità;;del civico n. ;5;;Investimento di pedone;Rettilineo;Una carreggiata a senso unico di marcia;Asciutto;Acciotolata;Orizzontale;Sereno;Normale;Buona;Sufficiente;1;0;0;1;;;-1;1;Autocarro inferiore 35 q.;In marcia / fermata / arresto;Conducente;M;Illeso;0;;Non accertato;Inesploso;
1893858;12;16/11/2011 16:15;Strada Urbana;VIA CRISTOFORO COLOMBO;all'intersezione con;VIALE ASIA;VIALE ASIA;;;Scontro frontale/laterale DX fra veicoli in marcia;Incrocio;Una carreggiata a senso unico di marcia;Asciutto;Asfaltata;Verticale ed orizzontale;Sereno;Normale;Buona;Ore Diurne;0;0;0;2;;;-1;1;Autovettura privata;In marcia / fermata / arresto;Conducente;M;Illeso;0;;Utilizzato;Inesploso;
1893858;12;16/11/2011 16:15;Strada Urbana;VIA CRISTOFORO COLOMBO;all'intersezione con;VIALE ASIA;VIALE ASIA;;;Scontro frontale/laterale DX fra veicoli in marcia;Incrocio;Una carreggiata a senso unico di marcia;Asciutto;Asfaltata;Verticale ed orizzontale;Sereno;Normale;Buona;Ore Diurne;0;0;0;2;;;-1;2;Autovettura privata;In marcia / fermata / arresto;Conducente;F;Illeso;0;;Utilizzato;Inesploso;
1893859;18;16/11/2011 16:15;Strada Urbana;VIA DI BOCCEA;all'intersezione con;VIA DI VAL CANNUTA;VIA DI VAL CANNUTA;;;Scontro frontale/laterale SX fra veicoli in marcia;Incrocio;Una carreggiata a doppio senso;Asciutto;Asfaltata;Verticale ed orizzontale;Sereno;Intenso;Buona;Ore Diurne;1;0;0;1;;;-1;1;Autovettura privata;In marcia / fermata / arresto;Conducente;M;Illeso;0;;Non accertato;Inesploso;
1893859;18;16/11/2011 16:15;Strada Urbana;VIA DI BOCCEA;all'intersezione con;VIA DI VAL CANNUTA;VIA DI VAL CANNUTA;;;Scontro frontale/laterale SX fra veicoli in marcia;Incrocio;Una carreggiata a doppio senso;Asciutto;Asfaltata;Verticale ed orizzontale;Sereno;Intenso;Buona;Ore Diurne;1;0;0;1;;;-1;2;Motociclo a solo;In marcia / fermata / arresto;Conducente;M;Ricoverato;0;NON DECEDUTO;Non accertato;Inesistente;
1893860;3;16/11/2011 15:00;Strada Urbana;CIRCONVALLAZIONE NOMENTANA;da specificare;;;;fronte civico 472;Veicolo in marcia contro veicoli in sosta;Rettilineo;Due carreggiate;Asciutto;Asfaltata;Verticale ed orizzontale;Sereno;Normale;Buona;Ore Diurne;2;0;0;0;;;-1;1;Motociclo a solo;In marcia / fermata / arresto;Conducente;F;Ricoverato;0;NON DECEDUTO;Non accertato;Inesistente;
1893860;3;16/11/2011 15:00;Strada Urbana;CIRCONVALLAZIONE NOMENTANA;da specificare;;;;fronte civico 472;Veicolo in marcia contro veicoli in sosta;Rettilineo;Due carreggiate;Asciutto;Asfaltata;Verticale ed orizzontale;Sereno;Normale;Buona;Ore Diurne;2;0;0;0;;;-1;1;Motociclo a solo;In marcia / fermata / arresto;Passeggero;M;Ricoverato;0;NON DECEDUTO;Non accertato;;
1893861;3;16/11/2011 07:20;Strada Urbana;VIALE DEL POLICLINICO;all'intersezione semaforizzata con;PIAZZALE DI PORTA PIA;PIAZZALE DI PORTA PIA;;;Scontro frontale/laterale DX fra veicoli in marcia;Intersezione semaforizzata;Una carreggiata a doppio senso;Asciutto;Asfaltata;Verticale ed orizzontale;Sereno;Scarso;Buona;Ore Diurne;0;0;0;2;;;-1;1;Autovettura privata;In marcia / fermata / arresto;Conducente;M;Illeso;0;;Utilizzato;Inesistente;
1893861;3;16/11/2011 07:20;Strada Urbana;VIALE DEL POLICLINICO;all'intersezione semaforizzata con;PIAZZALE DI PORTA PIA;PIAZZALE DI PORTA PIA;;;Scontro frontale/laterale DX fra veicoli in marcia;Intersezione semaforizzata;Una carreggiata a doppio senso;Asciutto;Asfaltata;Verticale ed orizzontale;Sereno;Scarso;Buona;Ore Diurne;0;0;0;2;;;-1;2;Autovettura privata;In marcia / fermata / arresto;Conducente;M;Illeso;0;;Utilizzato;Inesistente;
1893864;7;17/11/2011 09:00;Strada Urbana;VIA DELLA RUSTICA;in corrispondenza;;del civico n. ;72;;Scontro frontale/laterale SX fra veicoli in marcia;Rettilineo;Una carreggiata a doppio senso;Asciutto;Asfaltata;Assente;Sereno;Scarso;Buona;Ore Diurne;0;0;0;2;;;-1;1;Autovettura privata;In marcia / fermata / arresto;Conducente;M;Illeso;0;;Non accertato;Inesploso;
1893864;7;17/11/2011 09:00;Strada Urbana;VIA DELLA RUSTICA;in corrispondenza;;del civico n. ;72;;Scontro frontale/laterale SX fra veicoli in marcia;Rettilineo;Una carreggiata a doppio senso;Asciutto;Asfaltata;Assente;Sereno;Scarso;Buona;Ore Diurne;0;0;0;2;;;-1;2;Autocarro inferiore 35 q.;In marcia / fermata / arresto;Conducente;M;Illeso;0;;Non accertato;Inesploso;
1893866;1;16/11/2011 17:55;Strada Urbana;LUNGOTEVERE RIPA;in corrispondenza;;del civico n. ;4;;Veicolo in marcia contro ostacolo accidentale;Rettilineo;Una carreggiata a senso unico di marcia;Bagnato (pioggia);Asfaltata;Verticale ed orizzontale;Sereno;Intenso;Sufficiente;Sufficiente;0;0;0;1;;;-1;1;Motociclo a solo;In marcia / fermata / arresto;Conducente;M;Illeso;0;;Non accertato;Inesistente;
1893867;12;17/11/2011 07:55;Strada Urbana;VIA CRISTOFORO COLOMBO;da specificare;;;;alt civ.93a di Via Algeria direz centro;Tamponamento;Rettilineo;Due carreggiate;Asciutto;Asfaltata;Verticale ed orizzontale;Sereno;Intenso;Buona;Ore Diurne;1;0;0;1;;;-1;1;Autovettura privata;In marcia / fermata / arresto;Conducente;F;Illeso;0;;Utilizzato;Inesistente;
1893867;12;17/11/2011 07:55;Strada Urbana;VIA CRISTOFORO COLOMBO;da specificare;;;;alt civ.93a di Via Algeria direz centro;Tamponamento;Rettilineo;Due carreggiate;Asciutto;Asfaltata;Verticale ed orizzontale;Sereno;Intenso;Buona;Ore Diurne;1;0;0;1;;;-1;2;Motociclo a solo;In marcia / fermata / arresto;Conducente;M;Ricoverato;0;NON DECEDUTO;Utilizzato;Inesistente;
1893869;12;17/11/2011 09:10;Strada Urbana;VIA DELLE TRE FONTANE;all'intersezione con;VIALE DI VAL FIORITA;VIALE DI VAL FIORITA;;;Scontro frontale/laterale SX fra veicoli in marcia;Incrocio;Una carreggiata a doppio senso;Asciutto;Asfaltata;Verticale ed orizzontale;Sereno;Normale;Buona;Ore Diurne;0;0;0;2;;;-1;1;Autovettura privata;In marcia / fermata / arresto;Conducente;M;Illeso;0;;Utilizzato;Inesploso;
1893869;12;17/11/2011 09:10;Strada Urbana;VIA DELLE TRE FONTANE;all'intersezione con;VIALE DI VAL FIORITA;VIALE DI VAL FIORITA;;;Scontro frontale/laterale SX fra veicoli in marcia;Incrocio;Una carreggiata a doppio senso;Asciutto;Asfaltata;Verticale ed orizzontale;Sereno;Normale;Buona;Ore Diurne;0;0;0;2;;;-1;2;Autovettura privata;In marcia / fermata / arresto;Conducente;F;Illeso;0;;Utilizzato;Inesploso;
1893870;18;16/11/2011 20:30;Strada Urbana;VIA DI ACQUAFREDDA;da specificare;;;;fronte civico 184;Scontro frontale/laterale DX fra veicoli in marcia;Rettilineo;Una carreggiata a doppio senso;Asciutto;Asfaltata;Orizzontale;Sereno;Normale;Sufficiente;Sufficiente;0;0;0;2;;;-1;1;Autovettura privata;In marcia / fermata / arresto;Conducente;F;Illeso;0;;Non accertato;Esploso;
1893870;18;16/11/2011 20:30;Strada Urbana;VIA DI ACQUAFREDDA;da specificare;;;;fronte civico 184;Scontro frontale/laterale DX fra veicoli in marcia;Rettilineo;Una carreggiata a doppio senso;Asciutto;Asfaltata;Orizzontale;Sereno;Normale;Sufficiente;Sufficiente;0;0;0;2;;;-1;2;Autovettura privata;In marcia / fermata / arresto;Conducente;F;Illeso;0;;Non accertato;Inesploso;
1893871;9;17/11/2011 08:30;Strada Urbana;VIA LA SPEZIA;da specificare;;;;altezza VIA POZZUOLI;Scontro laterale fra veicoli in marcia;Rettilineo;Una carreggiata a senso unico di marcia;Asciutto;Asfaltata;Assente;Sereno;Normale;Buona;Ore Diurne;1;0;0;2;;;-1;1;Autovettura privata;In marcia / fermata / arresto;Conducente;M;Illeso;0;;Utilizzato;Inesploso;
1893871;9;17/11/2011 08:30;Strada Urbana;VIA LA SPEZIA;da specificare;;;;altezza VIA POZZUOLI;Scontro laterale fra veicoli in marcia;Rettilineo;Una carreggiata a senso unico di marcia;Asciutto;Asfaltata;Assente;Sereno;Normale;Buona;Ore Diurne;1;0;0;2;;;-1;1;Autovettura privata;In marcia / fermata / arresto;Passeggero;F;Illeso;0;;Utilizzato;Inesploso;
1893871;9;17/11/2011 08:30;Strada Urbana;VIA LA SPEZIA;da specificare;;;;altezza VIA POZZUOLI;Scontro laterale fra veicoli in marcia;Rettilineo;Una carreggiata a senso unico di marcia;Asciutto;Asfaltata;Assente;Sereno;Normale;Buona;Ore Diurne;1;0;0;2;;;-1;2;Motociclo a solo;In marcia / fermata / arresto;Conducente;M;Rimandato;0;NON DECEDUTO;Utilizzato;Inesistente;
1893873;19;17/11/2011 12:20;Strada Urbana;VIA DELLA VALLE DEI FONTANILI;in corrispondenza;;del civico n. ;47;;Scontro frontale/laterale SX fra veicoli in marcia;Rettilineo;Una carreggiata a doppio senso;Asciutto;Asfaltata;Assente;Sereno;Normale;Buona;Ore Diurne;1;0;0;0;;;-1;1;Motociclo a solo;In marcia / fermata / arresto;Conducente;M;Ricoverato;0;NON DECEDUTO;Non accertato;Inesistente;
1893875;12;16/11/2011 13:00;Strada Urbana;VIA FRANCESCO DE SUPPE';da specificare;;;;prox Via Laurentina;Scontro laterale fra veicoli in marcia;Curva a visuale libera;Una carreggiata a senso unico di marcia;Asciutto;Asfaltata;Verticale ed orizzontale;Sereno;Intenso;Buona;Ore Diurne;0;0;0;2;;;-1;1;Autovettura privata;In marcia / fermata / arresto;Conducente;M;Illeso;0;;Utilizzato;Inesistente;
1893875;12;16/11/2011 13:00;Strada Urbana;VIA FRANCESCO DE SUPPE';da specificare;;;;prox Via Laurentina;Scontro laterale fra veicoli in marcia;Curva a visuale libera;Una carreggiata a senso unico di marcia;Asciutto;Asfaltata;Verticale ed orizzontale;Sereno;Intenso;Buona;Ore Diurne;0;0;0;2;;;-1;2;Autovettura privata;In marcia / fermata / arresto;Conducente;M;Illeso;0;;Utilizzato;Inesistente;
1893876;12;16/11/2011 13:20;Statale;VIA OSTIENSE;all'intersezione semaforizzata con;VIA DELL'IPPICA;VIA DELL'IPPICA;;;Scontro frontale/laterale DX fra veicoli in marcia;Intersezione semaforizzata;Una carreggiata a doppio senso;Asciutto;Asfaltata;Verticale ed orizzontale;Sereno;Normale;Buona;Ore Diurne;2;0;0;1;;;-1;1;Autovettura privata;In marcia / fermata / arresto;Conducente;M;Illeso;0;;Utilizzato;Inesploso;
1893876;12;16/11/2011 13:20;Statale;VIA OSTIENSE;all'intersezione semaforizzata con;VIA DELL'IPPICA;VIA DELL'IPPICA;;;Scontro frontale/laterale DX fra veicoli in marcia;Intersezione semaforizzata;Una carreggiata a doppio senso;Asciutto;Asfaltata;Verticale ed orizzontale;Sereno;Normale;Buona;Ore Diurne;2;0;0;1;;;-1;1;Autovettura privata;In marcia / fermata / arresto;Passeggero;F;Rimandato;0;NON DECEDUTO;Utilizzato;Inesploso;
1893876;12;16/11/2011 13:20;Statale;VIA OSTIENSE;all'intersezione semaforizzata con;VIA DELL'IPPICA;VIA DELL'IPPICA;;;Scontro frontale/laterale DX fra veicoli in marcia;Intersezione semaforizzata;Una carreggiata a doppio senso;Asciutto;Asfaltata;Verticale ed orizzontale;Sereno;Normale;Buona;Ore Diurne;2;0;0;1;;;-1;2;Autovettura privata;In marcia / fermata / arresto;Conducente;M;Rimandato;0;NON DECEDUTO;Utilizzato;Inesistente;
1893878;15;17/11/2011 08:50;Strada Urbana;LUNGOTEVERE DEGLI INVENTORI;da specificare;;;;fr.civ.2;Scontro laterale fra veicoli in marcia;Rettilineo;Una carreggiata a doppio senso;Asciutto;Asfaltata;Verticale ed orizzontale;Sereno;Intenso;Buona;Ore Diurne;0;0;0;3;;;-1;1;Autovettura privata;In marcia / fermata / arresto;Conducente;M;Illeso;0;;Utilizzato;Inesistente;
1893878;15;17/11/2011 08:50;Strada Urbana;LUNGOTEVERE DEGLI INVENTORI;da specificare;;;;fr.civ.2;Scontro laterale fra veicoli in marcia;Rettilineo;Una carreggiata a doppio senso;Asciutto;Asfaltata;Verticale ed orizzontale;Sereno;Intenso;Buona;Ore Diurne;0;0;0;3;;;-1;2;Autovettura privata;In marcia / fermata / arresto;Conducente;F;Illeso;0;;Utilizzato;Inesistente;
1893878;15;17/11/2011 08:50;Strada Urbana;LUNGOTEVERE DEGLI INVENTORI;da specificare;;;;fr.civ.2;Scontro laterale fra veicoli in marcia;Rettilineo;Una carreggiata a doppio senso;Asciutto;Asfaltata;Verticale ed orizzontale;Sereno;Intenso;Buona;Ore Diurne;0;0;0;3;;;-1;2;Autovettura privata;In marcia / fermata / arresto;Passeggero;F;Illeso;0;;Utilizzato;Inesistente;
1893879;12;16/11/2011 19:00;Strada Urbana;VIA ARMANDO BRASINI;all'intersezione con;VIA CRISTOFORO COLOMBO;VIA CRISTOFORO COLOMBO;;;Scontro laterale fra veicoli in marcia;Incrocio;Una carreggiata a doppio senso;Asciutto;Asfaltata;Verticale ed orizzontale;Sereno;Intenso;Sufficiente;Sufficiente;1;0;0;1;;;-1;1;Autovettura privata;In marcia / fermata / arresto;Conducente;F;Illeso;0;;Utilizzato;Inesistente;
1893879;12;16/11/2011 19:00;Strada Urbana;VIA ARMANDO BRASINI;all'intersezione con;VIA CRISTOFORO COLOMBO;VIA CRISTOFORO COLOMBO;;;Scontro laterale fra veicoli in marcia;Incrocio;Una carreggiata a doppio senso;Asciutto;Asfaltata;Verticale ed orizzontale;Sereno;Intenso;Sufficiente;Sufficiente;1;0;0;1;;;-1;2;Motociclo a solo;In marcia / fermata / arresto;Conducente;M;Rimandato;0;NON DECEDUTO;Utilizzato;Inesistente;
1893881;16;16/11/2011 16:30;Strada Urbana;VIA RAFFAELE PAOLUCCI;in prossimità;;del civico n. ;8;;Veicolo in marcia contro veicolo in sosta;Rettilineo;Una carreggiata a senso unico di marcia;Asciutto;Asfaltata;Verticale;Sereno;Scarso;Buona;Ore Diurne;0;0;0;1;;;-1;1;Autotreno;In marcia / fermata / arresto;Conducente;M;Illeso;0;;Utilizzato;Inesistente;
1893882;1;16/11/2011 12:15;Strada Urbana;LUNGOTEVERE TOR DI NONA;all'intersezione semaforizzata con;PONTE UMBERTO I;PONTE UMBERTO I;;;Tamponamento;Intersezione semaforizzata;Una carreggiata a senso unico di marcia;Asciutto;Asfaltata;Verticale ed orizzontale;Sereno;Normale;Buona;Ore Diurne;0;0;0;2;;;-1;1;Autovettura privata;In marcia / fermata / arresto;Conducente;M;Illeso;0;;Non accertato;Inesploso;
1893882;1;16/11/2011 12:15;Strada Urbana;LUNGOTEVERE TOR DI NONA;all'intersezione semaforizzata con;PONTE UMBERTO I;PONTE UMBERTO I;;;Tamponamento;Intersezione semaforizzata;Una carreggiata a senso unico di marcia;Asciutto;Asfaltata;Verticale ed orizzontale;Sereno;Normale;Buona;Ore Diurne;0;0;0;2;;;-1;2;Motociclo a solo;In marcia / fermata / arresto;Conducente;M;Illeso;0;;Non accertato;Inesistente;
1893883;1;16/11/2011 17:30;Strada Urbana;VIALE GUIDO BACCELLI;in corrispondenza;;ALBERO;81;;Infortunio per sola frenata improvvisa;Rettilineo;Una carreggiata a doppio senso;Asciutto;Asfaltata;Orizzontale;Sereno;Normale;Buona;Sufficiente;1;0;0;0;;;-1;1;Motociclo a solo;In marcia / fermata / arresto;Conducente;M;Rimandato;0;NON DECEDUTO;Non accertato;Inesistente;
1893884;1;17/11/2011 00:05;Strada Urbana;VIA DI S. GIOVANNI IN LATERANO;all'intersezione con;VIA DEI QUERCETI;VIA DEI QUERCETI;;;Scontro frontale/laterale DX fra veicoli in marcia;Incrocio;Una carreggiata a senso unico di marcia;Asciutto;In cubetti di porfido;Verticale ed orizzontale;Sereno;Scarso;Sufficiente;Sufficiente;2;0;0;1;;;-1;1;Autovettura privata;In marcia / fermata / arresto;Conducente;F;Illeso;0;;Non accertato;Inesistente;
1893884;1;17/11/2011 00:05;Strada Urbana;VIA DI S. GIOVANNI IN LATERANO;all'intersezione con;VIA DEI QUERCETI;VIA DEI QUERCETI;;;Scontro frontale/laterale DX fra veicoli in marcia;Incrocio;Una carreggiata a senso unico di marcia;Asciutto;In cubetti di porfido;Verticale ed orizzontale;Sereno;Scarso;Sufficiente;Sufficiente;2;0;0;1;;;-1;2;Autovettura privata;In marcia / fermata / arresto;Conducente;M;Rimandato;0;NON DECEDUTO;Non accertato;Inesistente;
1893884;1;17/11/2011 00:05;Strada Urbana;VIA DI S. GIOVANNI IN LATERANO;all'intersezione con;VIA DEI QUERCETI;VIA DEI QUERCETI;;;Scontro frontale/laterale DX fra veicoli in marcia;Incrocio;Una carreggiata a senso unico di marcia;Asciutto;In cubetti di porfido;Verticale ed orizzontale;Sereno;Scarso;Sufficiente;Sufficiente;2;0;0;1;;;-1;2;Autovettura privata;In marcia / fermata / arresto;Passeggero;F;Rimandato;0;NON DECEDUTO;Non accertato;Inesistente;
1893885;1;17/11/2011 09:00;Strada Urbana;LUNGOTEVERE RAFFAELLO SANZIO;in prossimità;;del civico n. ;11;;Veicolo in marcia contro ostacolo accidentale;Rettilineo;Una carreggiata a senso unico di marcia;Asciutto;Asfaltata;Verticale ed orizzontale;Sereno;Normale;Buona;Ore Diurne;1;0;0;0;;;-1;1;Motociclo a solo;In marcia / fermata / arresto;Conducente;F;Rifiuta cure immediate;0;NON DECEDUTO;Non accertato;;
1893886;15;17/11/2011 09:50;Strada Urbana;LUNGOTEVERE DI PIETRA PAPA;da specificare;;;;PROSSIMITA' INTERSEZIONE VIA AVICENNA;Scontro laterale fra veicoli in marcia;Rettilineo;Una carreggiata a doppio senso;Asciutto;Asfaltata;Orizzontale;Sereno;Normale;Buona;Ore Diurne;1;0;0;1;;;-1;1;Autovettura privata;In marcia / fermata / arresto;Conducente;M;Illeso;0;;Non accertato;Inesploso;
1893886;15;17/11/2011 09:50;Strada Urbana;LUNGOTEVERE DI PIETRA PAPA;da specificare;;;;PROSSIMITA' INTERSEZIONE VIA AVICENNA;Scontro laterale fra veicoli in marcia;Rettilineo;Una carreggiata a doppio senso;Asciutto;Asfaltata;Orizzontale;Sereno;Normale;Buona;Ore Diurne;1;0;0;1;;;-1;2;Motociclo a solo;In marcia / fermata / arresto;Conducente;M;Rimandato;0;NON DECEDUTO;Non accertato;Inesistente;
1893889;12;16/11/2011 08:20;Strada Urbana;VIA LAURENTINA;all'intersezione con;VIA DEI SOMMOZZATORI;VIA DEI SOMMOZZATORI;;;Investimento di pedone;Incrocio;Due carreggiate;Asciutto;Asfaltata;Verticale ed orizzontale;Sereno;Intenso;Buona;Ore Diurne;1;0;0;0;;;-1;;;;Pedone;M;Rimandato;0;NON DECEDUTO;;;
1893892;15;17/11/2011 09:40;Strada Urbana;VIA DELLE VIGNE;all'intersezione con;VIA DI GENEROSA;VIA DI GENEROSA;;;Scontro laterale fra veicoli in marcia;Intersezione stradale segnalata;Una carreggiata a doppio senso;Asciutto;Asfaltata;Verticale ed orizzontale;Sereno;Normale;Buona;Ore Diurne;0;0;0;4;;;-1;1;Autovettura privata;In marcia / fermata / arresto;Conducente;F;Illeso;0;;Utilizzato;Inesistente;
1893892;15;17/11/2011 09:40;Strada Urbana;VIA DELLE VIGNE;all'intersezione con;VIA DI GENEROSA;VIA DI GENEROSA;;;Scontro laterale fra veicoli in marcia;Intersezione stradale segnalata;Una carreggiata a doppio senso;Asciutto;Asfaltata;Verticale ed orizzontale;Sereno;Normale;Buona;Ore Diurne;0;0;0;4;;;-1;1;Autovettura privata;In marcia / fermata / arresto;Passeggero;F;Illeso;0;;Utilizzato;Inesistente;
1893892;15;17/11/2011 09:40;Strada Urbana;VIA DELLE VIGNE;all'intersezione con;VIA DI GENEROSA;VIA DI GENEROSA;;;Scontro laterale fra veicoli in marcia;Intersezione stradale segnalata;Una carreggiata a doppio senso;Asciutto;Asfaltata;Verticale ed orizzontale;Sereno;Normale;Buona;Ore Diurne;0;0;0;4;;;-1;1;Autovettura privata;In marcia / fermata / arresto;Passeggero;F;Illeso;0;;Utilizzato;Inesistente;
1893892;15;17/11/2011 09:40;Strada Urbana;VIA DELLE VIGNE;all'intersezione con;VIA DI GENEROSA;VIA DI GENEROSA;;;Scontro laterale fra veicoli in marcia;Intersezione stradale segnalata;Una carreggiata a doppio senso;Asciutto;Asfaltata;Verticale ed orizzontale;Sereno;Normale;Buona;Ore Diurne;0;0;0;4;;;-1;2;Autovettura privata;In marcia / fermata / arresto;Conducente;F;Illeso;0;;Non accertato;Inesistente;
1893893;1;17/11/2011 15:15;Strada Urbana;LUNGOTEVERE DEI FIORENTINI;in prossimità;;del civico n. ;78;;Infortunio per caduta del veicolo;Rettilineo;Una carreggiata a senso unico di marcia;Asciutto;Asfaltata;Verticale ed orizzontale;Sereno;Intenso;Buona;Ore Diurne;1;0;0;0;;;-1;1;Motociclo a solo;In marcia / fermata / arresto;Conducente;F;Rimandato;0;NON DECEDUTO;Non accertato;Inesistente;
1893895;5;09/11/2011 06:35;Strada Urbana;VIA DI PIETRALATA;in prossimità;;del civico n. ;183;;Scontro frontale fra veicoli in marcia;Curva senza visuale libera;Una carreggiata a doppio senso;Asciutto;Asfaltata;Verticale ed orizzontale;Sereno;Normale;Buona;Ore Diurne;1;0;0;1;;;-1;1;Autovettura privata;In marcia / fermata / arresto;Conducente;M;Illeso;0;;Non accertato;Inesistente;
1893895;5;09/11/2011 06:35;Strada Urbana;VIA DI PIETRALATA;in prossimità;;del civico n. ;183;;Scontro frontale fra veicoli in marcia;Curva senza visuale libera;Una carreggiata a doppio senso;Asciutto;Asfaltata;Verticale ed orizzontale;Sereno;Normale;Buona;Ore Diurne;1;0;0;1;;;-1;2;Motociclo a solo;In marcia / fermata / arresto;Conducente;M;Ricoverato;0;NON DECEDUTO;Non accertato;Inesistente;
1893896;15;17/11/2011 11:05;Strada Urbana;VIA QUIRINO MAJORANA;da specificare;;;;fronte civico n.31;Veicolo in marcia contro ostacolo accidentale;Rettilineo;Due carreggiate;Asciutto;Asfaltata;Orizzontale;Sereno;Normale;Buona;Ore Diurne;1;0;0;1;;;-1;1;Autovettura privata;In marcia / fermata / arresto;Conducente;F;Rimandato;0;NON DECEDUTO;Utilizzato;Esploso;
1893896;15;17/11/2011 11:05;Strada Urbana;VIA QUIRINO MAJORANA;da specificare;;;;fronte civico n.31;Veicolo in marcia contro ostacolo accidentale;Rettilineo;Due carreggiate;Asciutto;Asfaltata;Orizzontale;Sereno;Normale;Buona;Ore Diurne;1;0;0;1;;;-1;2;Autovettura privata;In marcia / fermata / arresto;Conducente;F;Illeso;0;;Utilizzato;Inesistente;
1893897;9;17/11/2011 13:45;Strada Urbana;VIA DELL'ARCO DI TRAVERTINO;all'intersezione con;VIA VALLEROTONDA;VIA VALLEROTONDA;;;Scontro laterale fra veicoli in marcia;Incrocio;Due carreggiate;Asciutto;Asfaltata;Orizzontale;Sereno;Intenso;Buona;Ore Diurne;1;0;0;2;;;-1;1;Autovettura privata;In marcia / fermata / arresto;Conducente;M;Illeso;0;;Non accertato;Inesistente;
1893897;9;17/11/2011 13:45;Strada Urbana;VIA DELL'ARCO DI TRAVERTINO;all'intersezione con;VIA VALLEROTONDA;VIA VALLEROTONDA;;;Scontro laterale fra veicoli in marcia;Incrocio;Due carreggiate;Asciutto;Asfaltata;Orizzontale;Sereno;Intenso;Buona;Ore Diurne;1;0;0;2;;;-1;1;Autovettura privata;In marcia / fermata / arresto;Passeggero;F;Illeso;0;;Non accertato;Inesistente;
1893897;9;17/11/2011 13:45;Strada Urbana;VIA DELL'ARCO DI TRAVERTINO;all'intersezione con;VIA VALLEROTONDA;VIA VALLEROTONDA;;;Scontro laterale fra veicoli in marcia;Incrocio;Due carreggiate;Asciutto;Asfaltata;Orizzontale;Sereno;Intenso;Buona;Ore Diurne;1;0;0;2;;;-1;2;Motociclo a solo;In marcia / fermata / arresto;Conducente;M;Rimandato;0;NON DECEDUTO;Non accertato;Inesistente;
1893898;9;17/11/2011 15:35;Strada Urbana;VIA NOCERA UMBRA;all'intersezione con;VIA GUALDO TADINO;VIA GUALDO TADINO;;;Scontro frontale/laterale DX fra veicoli in marcia;Incrocio;Due carreggiate;Asciutto;Asfaltata;Verticale ed orizzontale;Sereno;Normale;Buona;Ore Diurne;1;0;0;2;;;-1;1;Autovettura privata;In marcia / fermata / arresto;Conducente;F;Illeso;0;;Non accertato;Inesistente;