Protocollo;Gruppo;DataOraIncidente;Localizzazione1;STRADA1;Localizzazione2;STRADA2;Strada02;Chilometrica;DaSpecificare;NaturaIncidente;particolaritastrade;TipoStrada;FondoStradale;Pavimentazione;Segnaletica;CondizioneAtmosferica;Traffico;Visibilita;Illuminazione;NUM_FERITI;NUM_RISERVATA;NUM_MORTI;NUM_ILLESI;Longitudine;Latitudine;Confermato;Progressivo;TipoVeicolo;StatoVeicolo;TipoPersona;Sesso;Tipolesione;Deceduto;DecedutoDopo;CinturaCascoUtilizzato;Airbag;
1894672;6;24/11/2011 21:00;Strada Urbana;VIA APPIA NUOVA;in corrispondenza;;del civico n. ;520;;Scontro frontale fra veicoli in marcia;Rettilineo;Due carreggiate;Asciutto;Asfaltata;Orizzontale;Sereno;Normale;Buona;Sufficiente;1;0;0;1;;;-1;1;Autovettura privata;In marcia / fermata / arresto;Conducente;F;Illeso;0;;Non accertato;Inesploso;
1894672;6;24/11/2011 21:00;Strada Urbana;VIA APPIA NUOVA;in corrispondenza;;del civico n. ;520;;Scontro frontale fra veicoli in marcia;Rettilineo;Due carreggiate;Asciutto;Asfaltata;Orizzontale;Sereno;Normale;Buona;Sufficiente;1;0;0;1;;;-1;2;Motociclo a solo;In marcia / fermata / arresto;Conducente;M;Rimandato;0;NON DECEDUTO;Utilizzato;Inesistente;
1894673;7;24/11/2011 09:00;Strada Urbana;VIA DEGLI ANEMONI;in prossimità;;del civico n. ;2/a;;Scontro laterale fra veicoli in marcia;Rettilineo;Una carreggiata a senso unico di marcia;Asciutto;Asfaltata;Verticale;Sereno;Scarso;Buona;Ore Diurne;0;0;0;2;;;-1;1;Autovettura privata;In marcia / fermata / arresto;Conducente;M;Illeso;0;;Non accertato;Inesistente;
1894673;7;24/11/2011 09:00;Strada Urbana;VIA DEGLI ANEMONI;in prossimità;;del civico n. ;2/a;;Scontro laterale fra veicoli in marcia;Rettilineo;Una carreggiata a senso unico di marcia;Asciutto;Asfaltata;Verticale;Sereno;Scarso;Buona;Ore Diurne;0;0;0;2;;;-1;2;Autovettura privata;In marcia / fermata / arresto;Conducente;M;Illeso;0;;Non accertato;Inesistente;
1894674;19;24/11/2011 10:30;Strada Urbana;PIAZZA CLEMENTE XI;all'intersezione con;VIA FEDERICO BORROMEO;VIA FEDERICO BORROMEO;;;Scontro laterale fra veicoli in marcia;Rotatoria;Una carreggiata a senso unico di marcia;Asciutto;Asfaltata;Verticale ed orizzontale;Nuvoloso;Intenso;Buona;Ore Diurne;0;0;0;2;;;-1;1;Autovettura privata;In marcia / fermata / arresto;Conducente;M;Illeso;0;;Non accertato;Inesploso;
1894674;19;24/11/2011 10:30;Strada Urbana;PIAZZA CLEMENTE XI;all'intersezione con;VIA FEDERICO BORROMEO;VIA FEDERICO BORROMEO;;;Scontro laterale fra veicoli in marcia;Rotatoria;Una carreggiata a senso unico di marcia;Asciutto;Asfaltata;Verticale ed orizzontale;Nuvoloso;Intenso;Buona;Ore Diurne;0;0;0;2;;;-1;2;Autocarro inferiore 35 q.;In marcia / fermata / arresto;Conducente;M;Illeso;0;;Non accertato;Inesploso;
1894675;10;24/11/2011 07:50;Statale entro l'abitato;VIA APPIA NUOVA;in prossimità;;del civico n. ;1251;;Scontro laterale fra veicoli in marcia;Rettilineo;Due carreggiate;Bagnato (umidità in atto);Asfaltata;Orizzontale;Sereno;Intenso;Buona;Ore Diurne;1;0;0;2;;;-1;1;Autovettura privata;In marcia / fermata / arresto;Conducente;M;Illeso;0;;Non accertato;Inesistente;
1894675;10;24/11/2011 07:50;Statale entro l'abitato;VIA APPIA NUOVA;in prossimità;;del civico n. ;1251;;Scontro laterale fra veicoli in marcia;Rettilineo;Due carreggiate;Bagnato (umidità in atto);Asfaltata;Orizzontale;Sereno;Intenso;Buona;Ore Diurne;1;0;0;2;;;-1;1;Autovettura privata;In marcia / fermata / arresto;Passeggero;M;Illeso;0;;Non accertato;Inesistente;
1894675;10;24/11/2011 07:50;Statale entro l'abitato;VIA APPIA NUOVA;in prossimità;;del civico n. ;1251;;Scontro laterale fra veicoli in marcia;Rettilineo;Due carreggiate;Bagnato (umidità in atto);Asfaltata;Orizzontale;Sereno;Intenso;Buona;Ore Diurne;1;0;0;2;;;-1;2;Motociclo a solo;In marcia / fermata / arresto;Conducente;M;Rifiuta cure immediate;0;NON DECEDUTO;Non accertato;Inesistente;
1894676;7;24/11/2011 12:35;Strada Urbana;VIA PAPIRIA;in prossimità;;del civico n. ;134;;Tamponamento;Rettilineo;Una carreggiata a doppio senso;Asciutto;Asfaltata;Verticale ed orizzontale;Sereno;Intenso;Buona;Ore Diurne;0;0;0;3;;;-1;1;Autovettura privata;In marcia / fermata / arresto;Conducente;M;Illeso;0;;Non accertato;Inesistente;
1894676;7;24/11/2011 12:35;Strada Urbana;VIA PAPIRIA;in prossimità;;del civico n. ;134;;Tamponamento;Rettilineo;Una carreggiata a doppio senso;Asciutto;Asfaltata;Verticale ed orizzontale;Sereno;Intenso;Buona;Ore Diurne;0;0;0;3;;;-1;1;Autovettura privata;In marcia / fermata / arresto;Passeggero;F;Illeso;0;;Non accertato;Inesistente;
1894676;7;24/11/2011 12:35;Strada Urbana;VIA PAPIRIA;in prossimità;;del civico n. ;134;;Tamponamento;Rettilineo;Una carreggiata a doppio senso;Asciutto;Asfaltata;Verticale ed orizzontale;Sereno;Intenso;Buona;Ore Diurne;0;0;0;3;;;-1;2;Autocarro inferiore 35 q.;In marcia / fermata / arresto;Conducente;M;Illeso;0;;Non accertato;Inesistente;
1894677;8;24/11/2011 09:00;Strada Urbana;VIA DI TOR VERGATA;all'intersezione con;VIA FRANCESCO TENSI;VIA FRANCESCO TENSI;;;Scontro laterale fra veicoli in marcia;Incrocio;Una carreggiata a senso unico di marcia;Asciutto;Asfaltata;Verticale ed orizzontale;Nuvoloso;Normale;Sufficiente;Ore Diurne;1;0;0;1;;;-1;1;Motociclo a solo;In marcia / fermata / arresto;Conducente;M;Rimandato;0;NON DECEDUTO;Non accertato;Inesistente;
1894677;8;24/11/2011 09:00;Strada Urbana;VIA DI TOR VERGATA;all'intersezione con;VIA FRANCESCO TENSI;VIA FRANCESCO TENSI;;;Scontro laterale fra veicoli in marcia;Incrocio;Una carreggiata a senso unico di marcia;Asciutto;Asfaltata;Verticale ed orizzontale;Nuvoloso;Normale;Sufficiente;Ore Diurne;1;0;0;1;;;-1;2;Autovettura privata;In marcia / fermata / arresto;Conducente;F;Illeso;0;;Non accertato;Inesistente;
1894678;8;24/11/2011 16:20;Strada Urbana;VIA CASILINA;da specificare;;;;20m dopo incrocio Grotte Celoni dir. fuori RM ;Scontro laterale fra veicoli in marcia;Rettilineo;Due carreggiate;Asciutto;Asfaltata;Verticale ed orizzontale;Nuvoloso;Normale;Buona;Ore Diurne;0;0;0;2;;;-1;1;Autovettura privata;In marcia / fermata / arresto;Conducente;M;Illeso;0;;Non accertato;Inesploso;
1894678;8;24/11/2011 16:20;Strada Urbana;VIA CASILINA;da specificare;;;;20m dopo incrocio Grotte Celoni dir. fuori RM ;Scontro laterale fra veicoli in marcia;Rettilineo;Due carreggiate;Asciutto;Asfaltata;Verticale ed orizzontale;Nuvoloso;Normale;Buona;Ore Diurne;0;0;0;2;;;-1;2;Autocarro inferiore 35 q.;In marcia / fermata / arresto;Conducente;M;Illeso;0;;Non accertato;Inesploso;
1894679;11;24/11/2011 10:10;Strada Urbana;VIALE LEONARDO DA VINCI;all'intersezione con;VIA COSTANTINO;VIA COSTANTINO;;;Scontro frontale fra veicoli in marcia;Incrocio;Una carreggiata a doppio senso;Asciutto;Asfaltata;Verticale ed orizzontale;Sereno;Normale;Buona;Ore Diurne;0;0;0;2;;;-1;1;Autovettura privata;In marcia / fermata / arresto;Conducente;F;Illeso;0;;Utilizzato;Inesploso;
1894679;11;24/11/2011 10:10;Strada Urbana;VIALE LEONARDO DA VINCI;all'intersezione con;VIA COSTANTINO;VIA COSTANTINO;;;Scontro frontale fra veicoli in marcia;Incrocio;Una carreggiata a doppio senso;Asciutto;Asfaltata;Verticale ed orizzontale;Sereno;Normale;Buona;Ore Diurne;0;0;0;2;;;-1;2;Motociclo a solo;In marcia / fermata / arresto;Conducente;M;Illeso;0;;Utilizzato;Inesistente;
1894680;11;24/11/2011 12:30;Strada Urbana;VIA DI GROTTA PERFETTA;all'intersezione con;VIALE PICO DELLA MIRANDOLA;VIALE PICO DELLA MIRANDOLA;;;Veicolo in marcia contro veicolo fermo;Incrocio;Una carreggiata a doppio senso;Asciutto;Asfaltata;Verticale ed orizzontale;Sereno;Normale;Buona;Ore Diurne;0;0;0;1;;;-1;1;Autovettura privata;In marcia / fermata / arresto;Conducente;F;Illeso;0;;Non accertato;Inesistente;
1894681;9;24/11/2011 06:50;Strada Urbana;VIA CENEDA;all'intersezione con;VIA TREBULA;VIA TREBULA;;;Scontro laterale fra veicoli in marcia;Incrocio;Una carreggiata a senso unico di marcia;Asciutto;Asfaltata;Verticale ed orizzontale;Sereno;Intenso;Buona;Ore Diurne;0;0;0;2;;;-1;1;Autovettura privata;In marcia / fermata / arresto;Conducente;M;Illeso;0;;Non accertato;Inesistente;
1894681;9;24/11/2011 06:50;Strada Urbana;VIA CENEDA;all'intersezione con;VIA TREBULA;VIA TREBULA;;;Scontro laterale fra veicoli in marcia;Incrocio;Una carreggiata a senso unico di marcia;Asciutto;Asfaltata;Verticale ed orizzontale;Sereno;Intenso;Buona;Ore Diurne;0;0;0;2;;;-1;2;Autovettura privata;In marcia / fermata / arresto;Conducente;M;Illeso;0;;Non accertato;Inesistente;
1894682;9;24/11/2011 17:50;Strada Urbana;VIA APPIA NUOVA;in prossimità;;del civico n. ;139;;Investimento di pedone;Rettilineo;Una carreggiata a doppio senso;Asciutto;Asfaltata;Verticale ed orizzontale;Sereno;Normale;Buona;Sufficiente;1;0;0;2;;;-1;;;;Pedone;F;Rimandato;0;NON DECEDUTO;;;
1894682;9;24/11/2011 17:50;Strada Urbana;VIA APPIA NUOVA;in prossimità;;del civico n. ;139;;Investimento di pedone;Rettilineo;Una carreggiata a doppio senso;Asciutto;Asfaltata;Verticale ed orizzontale;Sereno;Normale;Buona;Sufficiente;1;0;0;2;;;-1;1;Ciclomotore;In marcia / fermata / arresto;Conducente;M;Illeso;0;;Non accertato;Inesistente;
1894682;9;24/11/2011 17:50;Strada Urbana;VIA APPIA NUOVA;in prossimità;;del civico n. ;139;;Investimento di pedone;Rettilineo;Una carreggiata a doppio senso;Asciutto;Asfaltata;Verticale ed orizzontale;Sereno;Normale;Buona;Sufficiente;1;0;0;2;;;-1;1;Ciclomotore;In marcia / fermata / arresto;Passeggero;M;Illeso;0;;Non accertato;Inesistente;
1894683;15;24/11/2011 19:15;Strada Urbana;VIA DELLA MAGLIANA;in prossimità;;del civico n. ;313;;Infortunio per caduta del veicolo;Rettilineo;Una carreggiata a senso unico di marcia;Asciutto;Asfaltata;Verticale ed orizzontale;Sereno;Normale;Buona;Sufficiente;1;0;0;2;;;-1;1;Motociclo a solo;In marcia / fermata / arresto;Conducente;F;Rimandato;0;NON DECEDUTO;Utilizzato;Inesistente;
1894683;15;24/11/2011 19:15;Strada Urbana;VIA DELLA MAGLIANA;in prossimità;;del civico n. ;313;;Infortunio per caduta del veicolo;Rettilineo;Una carreggiata a senso unico di marcia;Asciutto;Asfaltata;Verticale ed orizzontale;Sereno;Normale;Buona;Sufficiente;1;0;0;2;;;-1;2;Autovettura privata;In marcia / fermata / arresto;Conducente;F;Illeso;0;;Utilizzato;Inesistente;
1894683;15;24/11/2011 19:15;Strada Urbana;VIA DELLA MAGLIANA;in prossimità;;del civico n. ;313;;Infortunio per caduta del veicolo;Rettilineo;Una carreggiata a senso unico di marcia;Asciutto;Asfaltata;Verticale ed orizzontale;Sereno;Normale;Buona;Sufficiente;1;0;0;2;;;-1;2;Autovettura privata;In marcia / fermata / arresto;Passeggero;F;Illeso;0;;Utilizzato;Inesistente;
1894684;9;24/11/2011 18:10;Strada Urbana;VIA TUSCOLANA;all'intersezione semaforizzata con;VIA DI PORTA FURBA;VIA DI PORTA FURBA;;;Scontro frontale/laterale DX fra veicoli in marcia;Incrocio;Due carreggiate;Asciutto;Asfaltata;Verticale ed orizzontale;Sereno;Intenso;Sufficiente;Sufficiente;0;0;0;2;;;-1;1;Autovettura privata;In marcia / fermata / arresto;Conducente;M;Illeso;0;;Non accertato;Inesistente;
1894684;9;24/11/2011 18:10;Strada Urbana;VIA TUSCOLANA;all'intersezione semaforizzata con;VIA DI PORTA FURBA;VIA DI PORTA FURBA;;;Scontro frontale/laterale DX fra veicoli in marcia;Incrocio;Due carreggiate;Asciutto;Asfaltata;Verticale ed orizzontale;Sereno;Intenso;Sufficiente;Sufficiente;0;0;0;2;;;-1;2;Motociclo a solo;In marcia / fermata / arresto;Conducente;M;Illeso;0;;Non accertato;Inesistente;
1894685;18;24/11/2011 21:10;Strada Urbana;PIAZZA S. GIOVANNI BATTISTA DE LA SALLE;all'intersezione semaforizzata con;VIA AURELIA;VIA AURELIA;;;Scontro laterale fra veicoli in marcia;Intersezione semaforizzata;Una carreggiata a senso unico di marcia;Asciutto;Asfaltata;Verticale ed orizzontale;Sereno;Scarso;Buona;Sufficiente;0;0;0;3;;;-1;1;Autovettura privata;In marcia / fermata / arresto;Conducente;M;Illeso;0;;Non accertato;Inesploso;
1894685;18;24/11/2011 21:10;Strada Urbana;PIAZZA S. GIOVANNI BATTISTA DE LA SALLE;all'intersezione semaforizzata con;VIA AURELIA;VIA AURELIA;;;Scontro laterale fra veicoli in marcia;Intersezione semaforizzata;Una carreggiata a senso unico di marcia;Asciutto;Asfaltata;Verticale ed orizzontale;Sereno;Scarso;Buona;Sufficiente;0;0;0;3;;;-1;1;Autovettura privata;In marcia / fermata / arresto;Passeggero;M;Illeso;0;;Non accertato;Inesploso;
1894685;18;24/11/2011 21:10;Strada Urbana;PIAZZA S. GIOVANNI BATTISTA DE LA SALLE;all'intersezione semaforizzata con;VIA AURELIA;VIA AURELIA;;;Scontro laterale fra veicoli in marcia;Intersezione semaforizzata;Una carreggiata a senso unico di marcia;Asciutto;Asfaltata;Verticale ed orizzontale;Sereno;Scarso;Buona;Sufficiente;0;0;0;3;;;-1;2;Autovettura privata;In marcia / fermata / arresto;Conducente;F;Illeso;0;;Non accertato;Inesploso;
1894686;11;24/11/2011 08:20;Strada Urbana;VIA DI GROTTA PERFETTA;all'intersezione con;VIALE ERMINIO SPALLA;VIALE ERMINIO SPALLA;;;Tamponamento;Intersezione stradale segnalata;Una carreggiata a doppio senso;Asciutto;Asfaltata;Verticale ed orizzontale;Sereno;Intenso;Buona;Ore Diurne;0;0;0;4;;;-1;1;Autovettura privata;In marcia / fermata / arresto;Passeggero;M;Illeso;0;;Non utilizzato;Inesistente;
1894686;11;24/11/2011 08:20;Strada Urbana;VIA DI GROTTA PERFETTA;all'intersezione con;VIALE ERMINIO SPALLA;VIALE ERMINIO SPALLA;;;Tamponamento;Intersezione stradale segnalata;Una carreggiata a doppio senso;Asciutto;Asfaltata;Verticale ed orizzontale;Sereno;Intenso;Buona;Ore Diurne;0;0;0;4;;;-1;1;Autovettura privata;In marcia / fermata / arresto;Conducente;M;Illeso;0;;Non accertato;Inesploso;
1894686;11;24/11/2011 08:20;Strada Urbana;VIA DI GROTTA PERFETTA;all'intersezione con;VIALE ERMINIO SPALLA;VIALE ERMINIO SPALLA;;;Tamponamento;Intersezione stradale segnalata;Una carreggiata a doppio senso;Asciutto;Asfaltata;Verticale ed orizzontale;Sereno;Intenso;Buona;Ore Diurne;0;0;0;4;;;-1;1;Autovettura privata;In marcia / fermata / arresto;Passeggero;M;Illeso;0;;Non accertato;Inesistente;
1894686;11;24/11/2011 08:20;Strada Urbana;VIA DI GROTTA PERFETTA;all'intersezione con;VIALE ERMINIO SPALLA;VIALE ERMINIO SPALLA;;;Tamponamento;Intersezione stradale segnalata;Una carreggiata a doppio senso;Asciutto;Asfaltata;Verticale ed orizzontale;Sereno;Intenso;Buona;Ore Diurne;0;0;0;4;;;-1;2;Autovettura privata;In marcia / fermata / arresto;Conducente;F;Illeso;0;;Non accertato;Inesploso;
1894687;11;24/11/2011 08:45;Strada Urbana;VIALE DEL TINTORETTO;in prossimità;;del civico n. ;97;;Scontro laterale fra veicoli in marcia;Rettilineo;Una carreggiata a senso unico di marcia;Asciutto;Asfaltata;Verticale ed orizzontale;Sereno;Normale;Buona;Ore Diurne;0;0;0;2;;;-1;1;Autovettura privata;In marcia / fermata / arresto;Conducente;F;Illeso;0;;Non accertato;Inesploso;
1894687;11;24/11/2011 08:45;Strada Urbana;VIALE DEL TINTORETTO;in prossimità;;del civico n. ;97;;Scontro laterale fra veicoli in marcia;Rettilineo;Una carreggiata a senso unico di marcia;Asciutto;Asfaltata;Verticale ed orizzontale;Sereno;Normale;Buona;Ore Diurne;0;0;0;2;;;-1;2;Autovettura pubblica;In marcia / fermata / arresto;Conducente;M;Illeso;0;;Non accertato;Inesistente;
1894688;9;24/11/2011 09:00;Strada Urbana;VIA LATINA;in corrispondenza;;del civico n. ;57d;;Veicolo in marcia contro veicolo in sosta;Rettilineo;Una carreggiata a senso unico di marcia;Asciutto;Asfaltata;Verticale ed orizzontale;Sereno;Normale;Buona;Ore Diurne;0;0;0;1;;;-1;1;Autovettura privata;In marcia / fermata / arresto;Conducente;M;Illeso;0;;Non accertato;Inesistente;
1894690;10;24/11/2011 19:45;Strada Urbana;VIA DI TORRE SPACCATA;da specificare;;;;ROTATORIA CON VIA WALTER PROCACCINI;Veicolo in marcia contro ostacolo fisso;Rotatoria;Una carreggiata a senso unico di marcia;Asciutto;Asfaltata;Verticale ed orizzontale;Sereno;Normale;Sufficiente;Sufficiente;1;0;0;0;;;-1;1;Autovettura privata;In marcia / fermata / arresto;Conducente;M;Rimandato;0;NON DECEDUTO;Non accertato;Inesistente;
1894691;7;24/11/2011 17:30;Strada Urbana;VIA DEI CICLAMINI;all'intersezione con;VIA FEDERICO DELPINO;VIA FEDERICO DELPINO;;;Scontro frontale/laterale SX fra veicoli in marcia;Incrocio;Una carreggiata a doppio senso;Asciutto;Asfaltata;Verticale ed orizzontale;Sereno;Normale;Sufficiente;Sufficiente;1;0;0;1;;;-1;1;Autovettura privata;In marcia / fermata / arresto;Conducente;M;Illeso;0;;Non accertato;Inesploso;
1894691;7;24/11/2011 17:30;Strada Urbana;VIA DEI CICLAMINI;all'intersezione con;VIA FEDERICO DELPINO;VIA FEDERICO DELPINO;;;Scontro frontale/laterale SX fra veicoli in marcia;Incrocio;Una carreggiata a doppio senso;Asciutto;Asfaltata;Verticale ed orizzontale;Sereno;Normale;Sufficiente;Sufficiente;1;0;0;1;;;-1;2;Motociclo a solo;In marcia / fermata / arresto;Conducente;M;Rimandato;0;NON DECEDUTO;Non accertato;Inesistente;
1894692;10;24/11/2011 20:20;Strada Urbana;LARGO PANNONIA;da specificare;;;;FRONTE CIVICO 40;Scontro frontale/laterale DX fra veicoli in marcia;Rettilineo;Una carreggiata a doppio senso;Asciutto;Asfaltata;Orizzontale;Sereno;Normale;Buona;Sufficiente;0;0;0;2;;;-1;1;Autovettura privata;In marcia / fermata / arresto;Conducente;F;Illeso;0;;Non accertato;Inesploso;
1894692;10;24/11/2011 20:20;Strada Urbana;LARGO PANNONIA;da specificare;;;;FRONTE CIVICO 40;Scontro frontale/laterale DX fra veicoli in marcia;Rettilineo;Una carreggiata a doppio senso;Asciutto;Asfaltata;Orizzontale;Sereno;Normale;Buona;Sufficiente;0;0;0;2;;;-1;2;Autovettura di polizia;In marcia / fermata / arresto;Conducente;F;Illeso;0;;Non accertato;Inesistente;
1894693;11;24/11/2011 07:50;Strada Urbana;VIA ARDEATINA;in prossimità;;del palo luce n. ;5;;Veicolo in marcia contro ostacolo fisso;Rettilineo;Una carreggiata a doppio senso;Bagnato (pioggia);Asfaltata;Orizzontale;Sereno;Normale;Buona;Ore Diurne;1;0;0;0;;;-1;1;Autovettura privata;In marcia / fermata / arresto;Conducente;F;Rimandato;0;NON DECEDUTO;Non accertato;Inesistente;
1894694;11;24/11/2011 14:30;Strada Urbana;VIA PELLEGRINO MATTEUCCI;in prossimità;;del civico n. ;66;;Veicolo in marcia contro ostacolo accidentale;Rettilineo;Una carreggiata a doppio senso;Asciutto;Asfaltata;Verticale ed orizzontale;Sereno;Normale;Buona;Ore Diurne;1;0;0;0;;;-1;1;Velocipede;In marcia / fermata / arresto;Conducente;F;Ricoverato;0;NON DECEDUTO;Non accertato;Inesistente;
1894696;11;24/11/2011 18:55;Strada Urbana;VIA PELLEGRINO MATTEUCCI;in prossimità;;del civico n. ;27;;Scontro laterale fra veicoli in marcia;Rettilineo;Una carreggiata a doppio senso;Asciutto;Asfaltata;Orizzontale;Sereno;Intenso;Buona;Sufficiente;0;0;0;4;;;-1;1;Autocarro inferiore 35 q.;In marcia / fermata / arresto;Conducente;M;Illeso;0;;Non accertato;Inesistente;
1894696;11;24/11/2011 18:55;Strada Urbana;VIA PELLEGRINO MATTEUCCI;in prossimità;;del civico n. ;27;;Scontro laterale fra veicoli in marcia;Rettilineo;Una carreggiata a doppio senso;Asciutto;Asfaltata;Orizzontale;Sereno;Intenso;Buona;Sufficiente;0;0;0;4;;;-1;1;Autocarro inferiore 35 q.;In marcia / fermata / arresto;Passeggero;M;Illeso;0;;Non accertato;Inesistente;
1894696;11;24/11/2011 18:55;Strada Urbana;VIA PELLEGRINO MATTEUCCI;in prossimità;;del civico n. ;27;;Scontro laterale fra veicoli in marcia;Rettilineo;Una carreggiata a doppio senso;Asciutto;Asfaltata;Orizzontale;Sereno;Intenso;Buona;Sufficiente;0;0;0;4;;;-1;2;Autovettura privata;In marcia / fermata / arresto;Conducente;F;Illeso;0;;Non accertato;Inesistente;
1894696;11;24/11/2011 18:55;Strada Urbana;VIA PELLEGRINO MATTEUCCI;in prossimità;;del civico n. ;27;;Scontro laterale fra veicoli in marcia;Rettilineo;Una carreggiata a doppio senso;Asciutto;Asfaltata;Orizzontale;Sereno;Intenso;Buona;Sufficiente;0;0;0;4;;;-1;2;Autovettura privata;In marcia / fermata / arresto;Passeggero;F;Illeso;0;;Non accertato;Inesistente;
1894697;13;24/11/2011 19:50;Strada Urbana;VIA OSTIENSE;all'intersezione con;VIA DI PONTE LADRONE;VIA DI PONTE LADRONE;;;Scontro laterale fra veicoli in marcia;Incrocio;Una carreggiata a doppio senso;Asciutto;Asfaltata;Verticale ed orizzontale;Sereno;Intenso;Sufficiente;Sufficiente;1;0;0;3;;;-1;1;Autovettura privata;In marcia / fermata / arresto;Conducente;F;Illeso;0;;Non accertato;Inesistente;
1894697;13;24/11/2011 19:50;Strada Urbana;VIA OSTIENSE;all'intersezione con;VIA DI PONTE LADRONE;VIA DI PONTE LADRONE;;;Scontro laterale fra veicoli in marcia;Incrocio;Una carreggiata a doppio senso;Asciutto;Asfaltata;Verticale ed orizzontale;Sereno;Intenso;Sufficiente;Sufficiente;1;0;0;3;;;-1;1;Autovettura privata;In marcia / fermata / arresto;Passeggero;M;Illeso;0;;Non accertato;Inesploso;
1894697;13;24/11/2011 19:50;Strada Urbana;VIA OSTIENSE;all'intersezione con;VIA DI PONTE LADRONE;VIA DI PONTE LADRONE;;;Scontro laterale fra veicoli in marcia;Incrocio;Una carreggiata a doppio senso;Asciutto;Asfaltata;Verticale ed orizzontale;Sereno;Intenso;Sufficiente;Sufficiente;1;0;0;3;;;-1;2;Autovettura privata;In marcia / fermata / arresto;Conducente;F;Illeso;0;;Non accertato;Inesploso;
1894697;13;24/11/2011 19:50;Strada Urbana;VIA OSTIENSE;all'intersezione con;VIA DI PONTE LADRONE;VIA DI PONTE LADRONE;;;Scontro laterale fra veicoli in marcia;Incrocio;Una carreggiata a doppio senso;Asciutto;Asfaltata;Verticale ed orizzontale;Sereno;Intenso;Sufficiente;Sufficiente;1;0;0;3;;;-1;3;Ciclomotore;In marcia / fermata / arresto;Conducente;M;Rimandato;0;NON DECEDUTO;Non accertato;Inesistente;
1894698;20;24/11/2011 17:45;Strada Urbana;VIALE GEMONA DEL FRIULI;all'intersezione con;VIA ARTA TERME;VIA ARTA TERME;;;Scontro frontale/laterale DX fra veicoli in marcia;Intersezione stradale segnalata;Una carreggiata a doppio senso;Asciutto;Asfaltata;Verticale ed orizzontale;Sereno;Scarso;Buona;Sufficiente;2;0;0;0;;;-1;1;Autovettura privata;In marcia / fermata / arresto;Conducente;F;Rimandato;0;NON DECEDUTO;Non accertato;Esploso;
1894698;20;24/11/2011 17:45;Strada Urbana;VIALE GEMONA DEL FRIULI;all'intersezione con;VIA ARTA TERME;VIA ARTA TERME;;;Scontro frontale/laterale DX fra veicoli in marcia;Intersezione stradale segnalata;Una carreggiata a doppio senso;Asciutto;Asfaltata;Verticale ed orizzontale;Sereno;Scarso;Buona;Sufficiente;2;0;0;0;;;-1;2;Autocarro inferiore 35 q.;In marcia / fermata / arresto;Conducente;M;Rimandato;0;NON DECEDUTO;Non accertato;Inesistente;
1894699;10;24/11/2011 22:15;Strada Urbana;PIAZZA CESARE CANTU';da specificare;;;;PROX. VIA APPIA NUOVA;Infortunio per sola frenata improvvisa;Rettilineo;Due carreggiate;Asciutto;Asfaltata;Verticale ed orizzontale;Sereno;Normale;Sufficiente;Sufficiente;1;0;0;1;;;-1;1;Autovettura privata;In marcia / fermata / arresto;Conducente;M;Illeso;0;;Non accertato;Inesistente;
1894699;10;24/11/2011 22:15;Strada Urbana;PIAZZA CESARE CANTU';da specificare;;;;PROX. VIA APPIA NUOVA;Infortunio per sola frenata improvvisa;Rettilineo;Due carreggiate;Asciutto;Asfaltata;Verticale ed orizzontale;Sereno;Normale;Sufficiente;Sufficiente;1;0;0;1;;;-1;2;Motociclo a solo;In marcia / fermata / arresto;Conducente;M;Rimandato;0;NON DECEDUTO;Non accertato;Inesistente;
1894700;6;24/11/2011 22:30;Strada Urbana;VIA SATRICO;all'intersezione con;VIA GALAZIA;VIA GALAZIA;;;Scontro frontale/laterale DX fra veicoli in marcia;Incrocio;Una carreggiata a senso unico di marcia;Asciutto;Asfaltata;Verticale ed orizzontale;Sereno;Scarso;Buona;Sufficiente;1;0;0;1;;;-1;1;Motociclo a solo;In marcia / fermata / arresto;Conducente;M;Ricoverato;0;NON DECEDUTO;Utilizzato;Inesistente;
1894700;6;24/11/2011 22:30;Strada Urbana;VIA SATRICO;all'intersezione con;VIA GALAZIA;VIA GALAZIA;;;Scontro frontale/laterale DX fra veicoli in marcia;Incrocio;Una carreggiata a senso unico di marcia;Asciutto;Asfaltata;Verticale ed orizzontale;Sereno;Scarso;Buona;Sufficiente;1;0;0;1;;;-1;2;Autovettura privata;In marcia / fermata / arresto;Conducente;M;Illeso;0;;Non accertato;Inesploso;
1894701;7;24/11/2011 17:30;Strada Urbana;VIA PRENESTINA;in prossimità;;del civico n. ;601;;Scontro frontale/laterale SX fra veicoli in marcia;Rettilineo;Una carreggiata a doppio senso;Asciutto;Asfaltata;Verticale ed orizzontale;Sereno;Normale;Buona;Sufficiente;0;0;0;2;;;-1;1;Autovettura privata;In marcia / fermata / arresto;Conducente;M;Illeso;0;;Non accertato;Inesistente;
1894701;7;24/11/2011 17:30;Strada Urbana;VIA PRENESTINA;in prossimità;;del civico n. ;601;;Scontro frontale/laterale SX fra veicoli in marcia;Rettilineo;Una carreggiata a doppio senso;Asciutto;Asfaltata;Verticale ed orizzontale;Sereno;Normale;Buona;Sufficiente;0;0;0;2;;;-1;2;Motociclo a solo;In marcia / fermata / arresto;Conducente;M;Illeso;0;;Non accertato;Inesistente;
1894703;7;24/11/2011 19:30;Strada Urbana;VIA DELLE BETULLE;all'intersezione con;VIA DELLE ROSE;VIA DELLE ROSE;;;Scontro frontale/laterale SX fra veicoli in marcia;Incrocio;Una carreggiata a senso unico di marcia;Asciutto;Asfaltata;Verticale ed orizzontale;Sereno;Scarso;Buona;Sufficiente;1;0;0;1;;;-1;1;Autovettura privata;In marcia / fermata / arresto;Conducente;F;Illeso;0;;Non accertato;Inesploso;