Protocollo;Gruppo;DataOraIncidente;Localizzazione1;STRADA1;Localizzazione2;STRADA2;Strada02;Chilometrica;DaSpecificare;NaturaIncidente;particolaritastrade;TipoStrada;FondoStradale;Pavimentazione;Segnaletica;CondizioneAtmosferica;Traffico;Visibilita;Illuminazione;NUM_FERITI;NUM_RISERVATA;NUM_MORTI;NUM_ILLESI;Longitudine;Latitudine;Confermato;Progressivo;TipoVeicolo;StatoVeicolo;TipoPersona;Sesso;Tipolesione;Deceduto;DecedutoDopo;CinturaCascoUtilizzato;Airbag;
1894703;7;24/11/2011 19:30;Strada Urbana;VIA DELLE BETULLE;all'intersezione con;VIA DELLE ROSE;VIA DELLE ROSE;;;Scontro frontale/laterale SX fra veicoli in marcia;Incrocio;Una carreggiata a senso unico di marcia;Asciutto;Asfaltata;Verticale ed orizzontale;Sereno;Scarso;Buona;Sufficiente;1;0;0;1;;;-1;2;Ciclomotore;In marcia / fermata / arresto;Conducente;F;Rimandato;0;NON DECEDUTO;Non accertato;Inesploso;
1894705;20;24/11/2011 17:30;Strada Urbana;VIA DELLA CRESCENZA;da specificare;;;;a circa mt. 200 da Via de Due Ponti;Fuoriuscita dalla sede stradale;Rettilineo;Una carreggiata a doppio senso;Asciutto;Asfaltata;Orizzontale;Sereno;Normale;Insufficiente;Inesistente;0;0;0;1;;;-1;1;Autovettura privata;In marcia / fermata / arresto;Conducente;F;Illeso;0;;Non accertato;Inesistente;
1894706;6;24/11/2011 21:35;Strada Urbana;VIA PRENESTINA;in corrispondenza;;del civico n. ;16;;Scontro laterale fra veicoli in marcia;Rettilineo;Due carreggiate;Asciutto;Asfaltata;Orizzontale;Sereno;Scarso;Sufficiente;Sufficiente;0;0;0;7;;;-1;1;Autovettura privata;In marcia / fermata / arresto;Conducente;F;Illeso;0;;Non accertato;Inesistente;
1894706;6;24/11/2011 21:35;Strada Urbana;VIA PRENESTINA;in corrispondenza;;del civico n. ;16;;Scontro laterale fra veicoli in marcia;Rettilineo;Due carreggiate;Asciutto;Asfaltata;Orizzontale;Sereno;Scarso;Sufficiente;Sufficiente;0;0;0;7;;;-1;1;Autovettura privata;In marcia / fermata / arresto;Passeggero;M;Illeso;0;;Non accertato;Inesistente;
1894706;6;24/11/2011 21:35;Strada Urbana;VIA PRENESTINA;in corrispondenza;;del civico n. ;16;;Scontro laterale fra veicoli in marcia;Rettilineo;Due carreggiate;Asciutto;Asfaltata;Orizzontale;Sereno;Scarso;Sufficiente;Sufficiente;0;0;0;7;;;-1;1;Autovettura privata;In marcia / fermata / arresto;Passeggero;F;Illeso;0;;Non accertato;Inesistente;
1894706;6;24/11/2011 21:35;Strada Urbana;VIA PRENESTINA;in corrispondenza;;del civico n. ;16;;Scontro laterale fra veicoli in marcia;Rettilineo;Due carreggiate;Asciutto;Asfaltata;Orizzontale;Sereno;Scarso;Sufficiente;Sufficiente;0;0;0;7;;;-1;2;Autocarro inferiore 35 q.;In marcia / fermata / arresto;Conducente;M;Illeso;0;;Non accertato;Inesistente;
1894706;6;24/11/2011 21:35;Strada Urbana;VIA PRENESTINA;in corrispondenza;;del civico n. ;16;;Scontro laterale fra veicoli in marcia;Rettilineo;Due carreggiate;Asciutto;Asfaltata;Orizzontale;Sereno;Scarso;Sufficiente;Sufficiente;0;0;0;7;;;-1;2;Autocarro inferiore 35 q.;In marcia / fermata / arresto;Passeggero;M;Illeso;0;;Non accertato;Inesistente;
1894706;6;24/11/2011 21:35;Strada Urbana;VIA PRENESTINA;in corrispondenza;;del civico n. ;16;;Scontro laterale fra veicoli in marcia;Rettilineo;Due carreggiate;Asciutto;Asfaltata;Orizzontale;Sereno;Scarso;Sufficiente;Sufficiente;0;0;0;7;;;-1;2;Autocarro inferiore 35 q.;In marcia / fermata / arresto;Passeggero;M;Illeso;0;;Non accertato;Inesistente;
1894706;6;24/11/2011 21:35;Strada Urbana;VIA PRENESTINA;in corrispondenza;;del civico n. ;16;;Scontro laterale fra veicoli in marcia;Rettilineo;Due carreggiate;Asciutto;Asfaltata;Orizzontale;Sereno;Scarso;Sufficiente;Sufficiente;0;0;0;7;;;-1;2;Autocarro inferiore 35 q.;In marcia / fermata / arresto;Passeggero;M;Illeso;0;;Non accertato;Inesistente;
1894709;5;24/11/2011 16:30;Strada Urbana;VIA FILIPPO FIORENTINI;da specificare;;;;cavalcavia direzione prenestina;Tamponamento Multiplo;Rettilineo;Due carreggiate;Asciutto;Asfaltata;Orizzontale;Sereno;Intenso;Buona;Ore Diurne;0;0;0;3;;;-1;1;Autovettura privata;In marcia / fermata / arresto;Conducente;F;Illeso;0;;Non accertato;Inesistente;
1894709;5;24/11/2011 16:30;Strada Urbana;VIA FILIPPO FIORENTINI;da specificare;;;;cavalcavia direzione prenestina;Tamponamento Multiplo;Rettilineo;Due carreggiate;Asciutto;Asfaltata;Orizzontale;Sereno;Intenso;Buona;Ore Diurne;0;0;0;3;;;-1;2;Autovettura privata;In marcia / fermata / arresto;Conducente;M;Illeso;0;;Non accertato;Inesistente;
1894709;5;24/11/2011 16:30;Strada Urbana;VIA FILIPPO FIORENTINI;da specificare;;;;cavalcavia direzione prenestina;Tamponamento Multiplo;Rettilineo;Due carreggiate;Asciutto;Asfaltata;Orizzontale;Sereno;Intenso;Buona;Ore Diurne;0;0;0;3;;;-1;3;Autovettura privata;In marcia / fermata / arresto;Conducente;F;Illeso;0;;Non accertato;Inesistente;
1894710;20;24/11/2011 13:05;Strada Urbana;VIA CASSIA;in prossimità;;del civico n. ;344;;Tamponamento;Rettilineo;Una carreggiata a doppio senso;Asciutto;Asfaltata;Verticale ed orizzontale;Sereno;Scarso;Buona;Ore Diurne;0;0;0;2;;;-1;1;Autovettura privata;In marcia / fermata / arresto;Conducente;F;Illeso;0;;Non accertato;Inesistente;
1894710;20;24/11/2011 13:05;Strada Urbana;VIA CASSIA;in prossimità;;del civico n. ;344;;Tamponamento;Rettilineo;Una carreggiata a doppio senso;Asciutto;Asfaltata;Verticale ed orizzontale;Sereno;Scarso;Buona;Ore Diurne;0;0;0;2;;;-1;2;Ciclomotore;In marcia / fermata / arresto;Conducente;M;Illeso;0;;Non accertato;Inesistente;
1894711;1;24/11/2011 09:35;Strada Urbana;PIAZZA VENEZIA;da specificare;;;;altezza Altare della Patria/VIttoriano;Scontro laterale fra veicoli in marcia;Rotatoria;Una carreggiata a senso unico di marcia;Asciutto;In cubetti di porfido;Verticale;Sereno;Normale;Buona;Ore Diurne;0;0;0;3;;;-1;1;Autocarro inferiore 35 q.;In marcia / fermata / arresto;Conducente;M;Illeso;0;;Non accertato;Inesistente;
1894711;1;24/11/2011 09:35;Strada Urbana;PIAZZA VENEZIA;da specificare;;;;altezza Altare della Patria/VIttoriano;Scontro laterale fra veicoli in marcia;Rotatoria;Una carreggiata a senso unico di marcia;Asciutto;In cubetti di porfido;Verticale;Sereno;Normale;Buona;Ore Diurne;0;0;0;3;;;-1;1;Autocarro inferiore 35 q.;In marcia / fermata / arresto;Passeggero;M;Illeso;0;;Non accertato;Inesistente;
1894711;1;24/11/2011 09:35;Strada Urbana;PIAZZA VENEZIA;da specificare;;;;altezza Altare della Patria/VIttoriano;Scontro laterale fra veicoli in marcia;Rotatoria;Una carreggiata a senso unico di marcia;Asciutto;In cubetti di porfido;Verticale;Sereno;Normale;Buona;Ore Diurne;0;0;0;3;;;-1;2;Autovettura pubblica;In marcia / fermata / arresto;Conducente;M;Illeso;0;;Non accertato;Inesistente;
1894712;1;24/11/2011 12:00;Strada Urbana;PIAZZA DELL'INDIPENDENZA;in corrispondenza;;del civico n. ;11/b;;Scontro laterale fra veicoli in marcia;Rettilineo;Una carreggiata a senso unico di marcia;Asciutto;Asfaltata;Verticale ed orizzontale;Nuvoloso;Scarso;Buona;Ore Diurne;0;0;0;4;;;-1;1;Autovettura privata;In marcia / fermata / arresto;Conducente;F;Illeso;0;;Non accertato;Inesistente;
1894712;1;24/11/2011 12:00;Strada Urbana;PIAZZA DELL'INDIPENDENZA;in corrispondenza;;del civico n. ;11/b;;Scontro laterale fra veicoli in marcia;Rettilineo;Una carreggiata a senso unico di marcia;Asciutto;Asfaltata;Verticale ed orizzontale;Nuvoloso;Scarso;Buona;Ore Diurne;0;0;0;4;;;-1;1;Autovettura privata;In marcia / fermata / arresto;Passeggero;M;Illeso;0;;Non accertato;Inesistente;
1894712;1;24/11/2011 12:00;Strada Urbana;PIAZZA DELL'INDIPENDENZA;in corrispondenza;;del civico n. ;11/b;;Scontro laterale fra veicoli in marcia;Rettilineo;Una carreggiata a senso unico di marcia;Asciutto;Asfaltata;Verticale ed orizzontale;Nuvoloso;Scarso;Buona;Ore Diurne;0;0;0;4;;;-1;2;Autovettura privata;In marcia / fermata / arresto;Conducente;F;Illeso;0;;Non accertato;Inesistente;
1894712;1;24/11/2011 12:00;Strada Urbana;PIAZZA DELL'INDIPENDENZA;in corrispondenza;;del civico n. ;11/b;;Scontro laterale fra veicoli in marcia;Rettilineo;Una carreggiata a senso unico di marcia;Asciutto;Asfaltata;Verticale ed orizzontale;Nuvoloso;Scarso;Buona;Ore Diurne;0;0;0;4;;;-1;2;Autovettura privata;In marcia / fermata / arresto;Passeggero;F;Illeso;0;;Non accertato;Inesistente;
1894713;5;24/11/2011 23:15;Strada Urbana;VIA DEI MONTI TIBURTINI;all'intersezione semaforizzata con;VIA DEI DURANTINI;VIA DEI DURANTINI;;;Investimento di pedone;Intersezione semaforizzata;Due carreggiate;Asciutto;Asfaltata;Verticale ed orizzontale;Sereno;Scarso;Buona;Sufficiente;1;0;0;1;;;-1;;;;Pedone;F;Rimandato;0;NON DECEDUTO;;;
1894713;5;24/11/2011 23:15;Strada Urbana;VIA DEI MONTI TIBURTINI;all'intersezione semaforizzata con;VIA DEI DURANTINI;VIA DEI DURANTINI;;;Investimento di pedone;Intersezione semaforizzata;Due carreggiate;Asciutto;Asfaltata;Verticale ed orizzontale;Sereno;Scarso;Buona;Sufficiente;1;0;0;1;;;-1;1;Autovettura privata;In marcia / fermata / arresto;Conducente;M;Illeso;0;;Non accertato;Inesploso;
1894714;12;24/11/2011 17:00;Strada Urbana;VIA DI TOR PAGNOTTA;all'intersezione con;VIA DELLA CECCHIGNOLA;VIA DELLA CECCHIGNOLA;;;Veicolo in marcia contro ostacolo accidentale;Rotatoria;Una carreggiata a senso unico di marcia;Viscido da liquidi oleosi;Asfaltata;Verticale ed orizzontale;Nuvoloso;Normale;Buona;Sufficiente;0;0;0;1;;;-1;1;Motociclo a solo;In marcia / fermata / arresto;Conducente;M;Illeso;0;;Utilizzato;Inesistente;
1894715;20;24/11/2011 15:00;Provinciale entro l'abitato;VIA BRACCIANENSE;da specificare;;;;prossimità Via R. Viviani;Scontro laterale fra veicoli in marcia;Curva senza visuale libera;Una carreggiata a doppio senso;Asciutto;Asfaltata;Orizzontale;Sereno;Normale;Buona;Ore Diurne;0;0;0;2;;;-1;1;Autovettura privata;In marcia / fermata / arresto;Conducente;F;Illeso;0;;Non accertato;Inesistente;
1894715;20;24/11/2011 15:00;Provinciale entro l'abitato;VIA BRACCIANENSE;da specificare;;;;prossimità Via R. Viviani;Scontro laterale fra veicoli in marcia;Curva senza visuale libera;Una carreggiata a doppio senso;Asciutto;Asfaltata;Orizzontale;Sereno;Normale;Buona;Ore Diurne;0;0;0;2;;;-1;2;Motociclo a solo;In marcia / fermata / arresto;Conducente;M;Illeso;0;;Non accertato;Inesistente;
1894716;20;24/11/2011 14:55;Provinciale entro l'abitato;VIA BRACCIANENSE;da specificare;;;;prossimità Via R. Viviani;Tamponamento;Curva senza visuale libera;Una carreggiata a doppio senso;Asciutto;Asfaltata;Verticale ed orizzontale;Sereno;Normale;Buona;Ore Diurne;0;0;0;2;;;-1;1;Motociclo a solo;In marcia / fermata / arresto;Conducente;M;Illeso;0;;Non accertato;Inesistente;
1894716;20;24/11/2011 14:55;Provinciale entro l'abitato;VIA BRACCIANENSE;da specificare;;;;prossimità Via R. Viviani;Tamponamento;Curva senza visuale libera;Una carreggiata a doppio senso;Asciutto;Asfaltata;Verticale ed orizzontale;Sereno;Normale;Buona;Ore Diurne;0;0;0;2;;;-1;2;Autovettura privata;In marcia / fermata / arresto;Conducente;F;Illeso;0;;Non accertato;Inesistente;
1894719;2;25/11/2011 07:50;Strada Urbana;VIA GIOVANNI PAOLO PANNINI;all'intersezione con;VIALE PINTURICCHIO;VIALE PINTURICCHIO;;;Scontro laterale fra veicoli in marcia;Incrocio;Una carreggiata a doppio senso;Asciutto;Asfaltata;Verticale ed orizzontale;Sereno;Scarso;Buona;Ore Diurne;0;0;0;2;;;-1;1;Motociclo a solo;In marcia / fermata / arresto;Conducente;F;Illeso;0;;Non accertato;Inesistente;
1894719;2;25/11/2011 07:50;Strada Urbana;VIA GIOVANNI PAOLO PANNINI;all'intersezione con;VIALE PINTURICCHIO;VIALE PINTURICCHIO;;;Scontro laterale fra veicoli in marcia;Incrocio;Una carreggiata a doppio senso;Asciutto;Asfaltata;Verticale ed orizzontale;Sereno;Scarso;Buona;Ore Diurne;0;0;0;2;;;-1;2;Autovettura privata;In marcia / fermata / arresto;Conducente;M;Illeso;0;;Non accertato;Inesploso;
1894720;20;24/11/2011 12:40;Provinciale;VIA BRACCIANENSE;in prossimità;;del palo luce n. ;117;;Scontro laterale fra veicoli in marcia;Rettilineo;Una carreggiata a doppio senso;Asciutto;Asfaltata;Verticale ed orizzontale;Sereno;Normale;Buona;Ore Diurne;0;0;0;2;;;-1;1;Autovettura privata;In marcia / fermata / arresto;Conducente;M;Illeso;0;;Non accertato;Inesistente;
1894720;20;24/11/2011 12:40;Provinciale;VIA BRACCIANENSE;in prossimità;;del palo luce n. ;117;;Scontro laterale fra veicoli in marcia;Rettilineo;Una carreggiata a doppio senso;Asciutto;Asfaltata;Verticale ed orizzontale;Sereno;Normale;Buona;Ore Diurne;0;0;0;2;;;-1;2;Autocarro superiore 35 q.;In marcia / fermata / arresto;Conducente;M;Illeso;0;;Non accertato;Inesistente;
1894721;12;24/11/2011 18:20;Provinciale entro l'abitato;VIA LAURENTINA;da specificare;;;;dir. ne Roma centro prox. via di Vigna Murata ;Scontro laterale fra veicoli in marcia;Rettilineo;Due carreggiate;Asciutto;Asfaltata;Verticale ed orizzontale;Sereno;Normale;Sufficiente;Sufficiente;0;0;0;3;;;-1;1;Autovettura privata;In marcia / fermata / arresto;Conducente;F;Illeso;0;;Utilizzato;Inesistente;
1894721;12;24/11/2011 18:20;Provinciale entro l'abitato;VIA LAURENTINA;da specificare;;;;dir. ne Roma centro prox. via di Vigna Murata ;Scontro laterale fra veicoli in marcia;Rettilineo;Due carreggiate;Asciutto;Asfaltata;Verticale ed orizzontale;Sereno;Normale;Sufficiente;Sufficiente;0;0;0;3;;;-1;2;Autovettura privata;In marcia / fermata / arresto;Conducente;F;Illeso;0;;Utilizzato;Inesistente;
1894721;12;24/11/2011 18:20;Provinciale entro l'abitato;VIA LAURENTINA;da specificare;;;;dir. ne Roma centro prox. via di Vigna Murata ;Scontro laterale fra veicoli in marcia;Rettilineo;Due carreggiate;Asciutto;Asfaltata;Verticale ed orizzontale;Sereno;Normale;Sufficiente;Sufficiente;0;0;0;3;;;-1;2;Autovettura privata;In marcia / fermata / arresto;Passeggero;F;Illeso;0;;Utilizzato;Inesploso;
1894722;20;24/11/2011 12:40;Provinciale entro l'abitato;VIA BRACCIANENSE;in prossimità;;del palo luce n. ;118;;Fuoriuscita dalla sede stradale;Rettilineo;Una carreggiata a doppio senso;Asciutto;Asfaltata;Verticale ed orizzontale;Sereno;Normale;Buona;Ore Diurne;0;0;0;1;;;-1;1;Autovettura privata;In marcia / fermata / arresto;Conducente;M;Illeso;0;;Non accertato;Inesistente;
1894723;12;22/11/2011 15:00;Strada Urbana;VIA DEI CANNONIERI;da specificare;;;;prossimità via degli Arditi ;Veicolo in marcia contro ostacolo fisso;Rettilineo;Una carreggiata a doppio senso;Bagnato (pioggia);Asfaltata;Assente;Nuvoloso;Scarso;Buona;Ore Diurne;0;0;0;1;;;-1;1;Autovettura privata;In marcia / fermata / arresto;Conducente;M;Illeso;0;;Utilizzato;Inesploso;
1894724;20;24/11/2011 19:00;Strada Urbana;VIALE DI TOR DI QUINTO;in corrispondenza;;del palo luce n. ;102;;Tamponamento Multiplo;Rettilineo;Una carreggiata a doppio senso;Asciutto;Asfaltata;Orizzontale;Sereno;Scarso;Buona;Ore Diurne;1;0;0;3;;;-1;1;Autovettura privata;In marcia / fermata / arresto;Passeggero;M;Illeso;0;;Non accertato;Inesistente;
1894724;20;24/11/2011 19:00;Strada Urbana;VIALE DI TOR DI QUINTO;in corrispondenza;;del palo luce n. ;102;;Tamponamento Multiplo;Rettilineo;Una carreggiata a doppio senso;Asciutto;Asfaltata;Orizzontale;Sereno;Scarso;Buona;Ore Diurne;1;0;0;3;;;-1;1;Autovettura privata;In marcia / fermata / arresto;Conducente;F;Illeso;0;;Non accertato;Inesistente;
1894724;20;24/11/2011 19:00;Strada Urbana;VIALE DI TOR DI QUINTO;in corrispondenza;;del palo luce n. ;102;;Tamponamento Multiplo;Rettilineo;Una carreggiata a doppio senso;Asciutto;Asfaltata;Orizzontale;Sereno;Scarso;Buona;Ore Diurne;1;0;0;3;;;-1;2;Autovettura privata;In marcia / fermata / arresto;Conducente;M;Rifiuta cure immediate;0;NON DECEDUTO;Non accertato;Inesistente;
1894724;20;24/11/2011 19:00;Strada Urbana;VIALE DI TOR DI QUINTO;in corrispondenza;;del palo luce n. ;102;;Tamponamento Multiplo;Rettilineo;Una carreggiata a doppio senso;Asciutto;Asfaltata;Orizzontale;Sereno;Scarso;Buona;Ore Diurne;1;0;0;3;;;-1;3;Autovettura privata;In marcia / fermata / arresto;Conducente;M;Illeso;0;;Non accertato;Inesistente;
1894725;20;24/11/2011 10:00;Strada Urbana;VIA DI VALLE MURICANA;all'intersezione con;VIA VERDELLO;VIA VERDELLO;;;Scontro frontale/laterale SX fra veicoli in marcia;Incrocio;Una carreggiata a doppio senso;Asciutto;Asfaltata;Verticale ed orizzontale;Sereno;Normale;Sufficiente;Ore Diurne;0;0;0;3;;;-1;1;Autovettura privata;In marcia / fermata / arresto;Conducente;F;Illeso;0;;Non accertato;Inesistente;
1894725;20;24/11/2011 10:00;Strada Urbana;VIA DI VALLE MURICANA;all'intersezione con;VIA VERDELLO;VIA VERDELLO;;;Scontro frontale/laterale SX fra veicoli in marcia;Incrocio;Una carreggiata a doppio senso;Asciutto;Asfaltata;Verticale ed orizzontale;Sereno;Normale;Sufficiente;Ore Diurne;0;0;0;3;;;-1;1;Autovettura privata;In marcia / fermata / arresto;Passeggero;M;Illeso;0;;Non accertato;Inesistente;
1894725;20;24/11/2011 10:00;Strada Urbana;VIA DI VALLE MURICANA;all'intersezione con;VIA VERDELLO;VIA VERDELLO;;;Scontro frontale/laterale SX fra veicoli in marcia;Incrocio;Una carreggiata a doppio senso;Asciutto;Asfaltata;Verticale ed orizzontale;Sereno;Normale;Sufficiente;Ore Diurne;0;0;0;3;;;-1;2;Ciclomotore;In marcia / fermata / arresto;Conducente;M;Illeso;0;;Non accertato;Inesistente;
1894726;20;24/11/2011 08:50;Regionale;VIA CASSIA;in prossimità;;del civico n. ;1521;;Veicolo in marcia contro ostacolo fisso;Rettilineo;Una carreggiata a doppio senso;Asciutto;Asfaltata;Verticale ed orizzontale;Sereno;Normale;Buona;Ore Diurne;1;0;0;0;;;-1;1;Autovettura privata;In marcia / fermata / arresto;Conducente;F;Rimandato;0;NON DECEDUTO;Non accertato;Esploso;
1894728;6;25/11/2011 01:10;Strada Urbana;VIA CASILINA;in corrispondenza;;del civico n. ;132;;Scontro laterale fra veicoli in marcia;Rettilineo;Una carreggiata a doppio senso;Asciutto;Asfaltata;Verticale ed orizzontale;Sereno;Scarso;Buona;Sufficiente;1;0;0;2;;;-1;1;Autovettura privata;In marcia / fermata / arresto;Conducente;M;Illeso;0;;Non accertato;Inesploso;
1894728;6;25/11/2011 01:10;Strada Urbana;VIA CASILINA;in corrispondenza;;del civico n. ;132;;Scontro laterale fra veicoli in marcia;Rettilineo;Una carreggiata a doppio senso;Asciutto;Asfaltata;Verticale ed orizzontale;Sereno;Scarso;Buona;Sufficiente;1;0;0;2;;;-1;1;Autovettura privata;In marcia / fermata / arresto;Passeggero;M;Illeso;0;;Non accertato;Inesistente;
1894728;6;25/11/2011 01:10;Strada Urbana;VIA CASILINA;in corrispondenza;;del civico n. ;132;;Scontro laterale fra veicoli in marcia;Rettilineo;Una carreggiata a doppio senso;Asciutto;Asfaltata;Verticale ed orizzontale;Sereno;Scarso;Buona;Sufficiente;1;0;0;2;;;-1;2;Motociclo a solo;In marcia / fermata / arresto;Conducente;M;Rifiuta cure immediate;0;NON DECEDUTO;Utilizzato;Inesistente;
1894729;7;25/11/2011 09:00;Strada Urbana;VIALE PALMIRO TOGLIATTI;in prossimità;;del civico n. ;820;;Scontro laterale fra veicoli in marcia;Rettilineo;Due carreggiate;Asciutto;Asfaltata;Orizzontale;Sereno;Normale;Buona;Ore Diurne;1;0;0;1;;;-1;1;Autovettura privata;In marcia / fermata / arresto;Conducente;M;Illeso;0;;Non accertato;Inesploso;
1894729;7;25/11/2011 09:00;Strada Urbana;VIALE PALMIRO TOGLIATTI;in prossimità;;del civico n. ;820;;Scontro laterale fra veicoli in marcia;Rettilineo;Due carreggiate;Asciutto;Asfaltata;Orizzontale;Sereno;Normale;Buona;Ore Diurne;1;0;0;1;;;-1;2;Motociclo a solo;In marcia / fermata / arresto;Conducente;M;Ricoverato;0;NON DECEDUTO;Non accertato;Inesistente;
1894732;18;24/11/2011 18:00;Strada Urbana;CIRCONVALLAZIONE AURELIA;in prossimità;;del civico n. ;50;;Investimento di pedone;Rettilineo;Due carreggiate;Asciutto;Asfaltata;Verticale ed orizzontale;Sereno;Normale;Sufficiente;Sufficiente;1;0;0;1;;;-1;;;;Pedone;F;Illeso;0;;;;
1894732;18;24/11/2011 18:00;Strada Urbana;CIRCONVALLAZIONE AURELIA;in prossimità;;del civico n. ;50;;Investimento di pedone;Rettilineo;Due carreggiate;Asciutto;Asfaltata;Verticale ed orizzontale;Sereno;Normale;Sufficiente;Sufficiente;1;0;0;1;;;-1;1;Motociclo a solo;In marcia / fermata / arresto;Conducente;M;Rimandato;0;NON DECEDUTO;Non accertato;Inesistente;
1894733;3;23/11/2011 12:05;Strada Urbana;VIALE REGINA ELENA;da specificare;;;;ALTEZZA P.LE DEL VERANO;Scontro laterale fra veicoli in marcia;Rettilineo;Più di due carreggiate;Asciutto;Asfaltata;Verticale ed orizzontale;Sereno;Scarso;Buona;Ore Diurne;0;0;0;4;;;-1;1;Autovettura privata;In marcia / fermata / arresto;Conducente;M;Illeso;0;;Non accertato;Inesploso;
1894733;3;23/11/2011 12:05;Strada Urbana;VIALE REGINA ELENA;da specificare;;;;ALTEZZA P.LE DEL VERANO;Scontro laterale fra veicoli in marcia;Rettilineo;Più di due carreggiate;Asciutto;Asfaltata;Verticale ed orizzontale;Sereno;Scarso;Buona;Ore Diurne;0;0;0;4;;;-1;1;Autovettura privata;In marcia / fermata / arresto;Passeggero;M;Illeso;0;;Esente;Inesploso;
1894733;3;23/11/2011 12:05;Strada Urbana;VIALE REGINA ELENA;da specificare;;;;ALTEZZA P.LE DEL VERANO;Scontro laterale fra veicoli in marcia;Rettilineo;Più di due carreggiate;Asciutto;Asfaltata;Verticale ed orizzontale;Sereno;Scarso;Buona;Ore Diurne;0;0;0;4;;;-1;1;Autovettura privata;In marcia / fermata / arresto;Passeggero;M;Illeso;0;;Non accertato;Inesploso;
1894733;3;23/11/2011 12:05;Strada Urbana;VIALE REGINA ELENA;da specificare;;;;ALTEZZA P.LE DEL VERANO;Scontro laterale fra veicoli in marcia;Rettilineo;Più di due carreggiate;Asciutto;Asfaltata;Verticale ed orizzontale;Sereno;Scarso;Buona;Ore Diurne;0;0;0;4;;;-1;2;Motociclo a solo;In marcia / fermata / arresto;Conducente;M;Illeso;0;;Non accertato;Inesistente;
1894734;12;18/11/2011 20:30;Strada Urbana;VIA ELIO CHIANESI;in corrispondenza;;del civico n. ;47 - 49;;Scontro frontale/laterale SX fra veicoli in marcia;Curva senza visuale libera;Una carreggiata a doppio senso;Asciutto;Asfaltata;Verticale;Sereno;Scarso;Buona;Sufficiente;0;0;0;4;;;-1;1;Autovettura privata;In marcia / fermata / arresto;Passeggero;M;Illeso;0;;Utilizzato;Inesistente;
1894734;12;18/11/2011 20:30;Strada Urbana;VIA ELIO CHIANESI;in corrispondenza;;del civico n. ;47 - 49;;Scontro frontale/laterale SX fra veicoli in marcia;Curva senza visuale libera;Una carreggiata a doppio senso;Asciutto;Asfaltata;Verticale;Sereno;Scarso;Buona;Sufficiente;0;0;0;4;;;-1;1;Autovettura privata;In marcia / fermata / arresto;Passeggero;F;Illeso;0;;Utilizzato;Inesistente;
1894734;12;18/11/2011 20:30;Strada Urbana;VIA ELIO CHIANESI;in corrispondenza;;del civico n. ;47 - 49;;Scontro frontale/laterale SX fra veicoli in marcia;Curva senza visuale libera;Una carreggiata a doppio senso;Asciutto;Asfaltata;Verticale;Sereno;Scarso;Buona;Sufficiente;0;0;0;4;;;-1;1;Autovettura privata;In marcia / fermata / arresto;Conducente;M;Illeso;0;;Utilizzato;Inesistente;
1894734;12;18/11/2011 20:30;Strada Urbana;VIA ELIO CHIANESI;in corrispondenza;;del civico n. ;47 - 49;;Scontro frontale/laterale SX fra veicoli in marcia;Curva senza visuale libera;Una carreggiata a doppio senso;Asciutto;Asfaltata;Verticale;Sereno;Scarso;Buona;Sufficiente;0;0;0;4;;;-1;2;Autovettura privata;In marcia / fermata / arresto;Conducente;F;Illeso;0;;Utilizzato;Inesistente;
1894735;1;23/11/2011 20:50;Strada Urbana;VIA GALVANI;all'intersezione con;VIA MASTRO GIORGIO;VIA MASTRO GIORGIO;;;Scontro frontale/laterale SX fra veicoli in marcia;Intersezione non regolata/non segnalata;Una carreggiata a doppio senso;Asciutto;Asfaltata;Verticale;Sereno;Normale;Sufficiente;Sufficiente;1;0;0;1;;;-1;1;Autovettura privata;In marcia / fermata / arresto;Conducente;M;Illeso;0;;Non accertato;Inesploso;
1894735;1;23/11/2011 20:50;Strada Urbana;VIA GALVANI;all'intersezione con;VIA MASTRO GIORGIO;VIA MASTRO GIORGIO;;;Scontro frontale/laterale SX fra veicoli in marcia;Intersezione non regolata/non segnalata;Una carreggiata a doppio senso;Asciutto;Asfaltata;Verticale;Sereno;Normale;Sufficiente;Sufficiente;1;0;0;1;;;-1;2;Motociclo a solo;In marcia / fermata / arresto;Conducente;M;Rimandato;0;NON DECEDUTO;Non accertato;Inesistente;
1894736;6;25/11/2011 08:05;Strada Urbana;VIA AUGUSTO DULCERI;all'intersezione con;VIA FRONTINO;VIA FRONTINO;;;Scontro frontale/laterale SX fra veicoli in marcia;Incrocio;Una carreggiata a senso unico di marcia;Asciutto;Asfaltata;Verticale ed orizzontale;Sereno;Normale;Buona;Ore Diurne;0;0;0;3;;;-1;1;Autovettura privata;In marcia / fermata / arresto;Conducente;M;Illeso;0;;Non accertato;Inesistente;
1894736;6;25/11/2011 08:05;Strada Urbana;VIA AUGUSTO DULCERI;all'intersezione con;VIA FRONTINO;VIA FRONTINO;;;Scontro frontale/laterale SX fra veicoli in marcia;Incrocio;Una carreggiata a senso unico di marcia;Asciutto;Asfaltata;Verticale ed orizzontale;Sereno;Normale;Buona;Ore Diurne;0;0;0;3;;;-1;2;Autovettura privata;In marcia / fermata / arresto;Conducente;F;Illeso;0;;Non accertato;Inesistente;